date,weight_kg
2022-01-03,98.599
2022-01-04,97.16
2022-01-05,97.129
2022-01-06,97.279
2022-01-07,95.699
2022-01-09,96.849
2022-01-10,96.599
2022-01-11,95.849
2022-01-12,96.65
2022-01-13,95.809
2022-01-14,96.26
2022-01-15,97.48
2022-01-17,96.739
2022-01-18,96.98
2022-01-19,96.75
2022-01-20,96.16
2022-01-21,95.91
2022-01-22,95.41
2022-01-23,98.139
2022-01-24,97.449
2022-01-25,95.949
2022-01-26,95.15
2022-01-27,94.94
2022-01-28,95.8
2022-01-29,96.639
2022-01-30,96.05
2022-01-31,96.8
2022-02-01,96.709
2022-02-02,95.239
2022-02-03,94.29
2022-02-04,94.529
2022-02-05,96.26
2022-02-06,95.809
2022-02-07,96.15
2022-02-08,95.29
2022-02-09,95.43
2022-02-10,94.36
2022-02-11,94.809
2022-02-12,96.589
2022-02-13,95.239
2022-02-14,96.089
2022-02-15,95.69
2022-02-16,96.129
2022-02-17,96.139
2022-02-18,95.73
2022-02-19,96.41
2022-02-20,95.529
2022-02-21,96.459
2022-02-22,96.279
2022-02-23,95.11
2022-02-24,93.589
2022-02-25,93.98
2022-02-26,95.19
2022-02-27,95.25
2022-02-28,95.43
2022-03-01,94.779
2022-03-02,94.779
2022-03-03,95.129
2022-03-04,94.449
2022-03-05,95.48
2022-03-06,95.529
2022-03-07,95.16
2022-03-08,95.9
2022-03-09,96.349
2022-03-10,95.379
2022-03-11,95.69
2022-03-12,95.599
2022-03-13,95.86
2022-03-14,96.589
2022-03-20,95.459
2022-03-22,95.889
2022-03-23,95.68
2022-03-24,96.5
2022-03-25,96.08
2022-03-26,96.98
2022-03-27,96.239
2022-03-28,96.68
2022-03-29,95.91
2022-03-30,95.48
2022-03-31,96
2022-04-01,94.43
2022-04-02,96.139
2022-04-03,96.699
2022-04-04,95.779
2022-04-05,95.309
2022-04-06,94.68
2022-04-07,95.699
2022-04-08,95.809
2022-04-10,96.43
2022-04-11,96.139
2022-04-12,95.059
2022-04-13,94.83
2022-04-14,94.639
2022-04-15,94.76
2022-04-18,95.79
2022-04-19,94.959
2022-04-20,94.239
2022-04-21,94.639
2022-04-22,95.389
2022-04-24,96.16
2022-04-25,96.54
2022-04-26,95.699
2022-04-27,94.599
2022-04-28,95.699
2022-04-29,95.839
2022-04-30,96.29
2022-05-01,95.629
2022-05-02,96.309
2022-05-03,95.55
2022-05-04,95.099
2022-05-05,95.26
2022-05-06,94.489
2022-05-07,95.98
2022-05-11,95.279
2022-05-12,95.73
2022-05-15,95.209
2022-05-16,95.129
2022-05-17,95.48
2022-05-18,96.19
2022-05-28,96.01
2022-06-05,97.23
2022-06-06,95.879
2022-06-07,95.08
2022-06-08,94.68
2022-06-09,94.19
2022-06-10,94.339
2022-06-11,94.739
2022-06-12,93.949
2022-06-13,95.19
2022-06-14,94.76
2022-06-15,93.4
2022-06-16,92.9
2022-06-17,94.529
2022-06-20,95.309
2022-06-21,94.599
2022-06-22,94.349
2022-06-23,94.129
2022-06-24,94.4
2022-06-25,95.139
2022-06-27,95.18
2022-06-28,93.58
2022-06-29,93.33
2022-06-30,93.15
2022-07-01,93.65
2022-07-02,95.099
2022-07-03,95.349
2022-07-04,95.199
2022-07-05,94.389
2022-07-06,94.73
2022-07-07,94.209
2022-07-08,93.089
2022-07-09,95.199
2022-07-11,95.029
2022-07-12,93.989
2022-07-13,93.629
2022-07-14,94.529
2022-07-15,94.04
2022-07-16,94.889
2022-07-17,95.18
2022-07-18,95.489
2022-07-19,94.48
2022-07-20,94.48
2022-07-24,94.589
2022-07-26,95.599
2022-07-27,95.389
2022-07-28,94.629
2022-08-01,96.01
2022-08-02,95.33
2022-08-03,94.239
2022-08-04,95.449
2022-08-05,95.43
2022-08-09,94.9
2022-08-12,95.559
2022-08-15,95.16
2022-08-17,95.23
2022-08-21,95.709
2022-08-23,95.55
2022-08-24,95.68
2022-08-26,96.849
2022-09-06,96.339
2022-09-07,95.18
2022-09-08,95.01
2022-09-09,95.11
2022-09-10,96.16
2022-09-11,97.309
2022-09-13,95.779
2022-09-14,94.699
2022-09-15,95.29
2022-09-16,95.16
2022-09-17,97.339
2022-09-18,96.75
2022-09-19,95.73
2022-09-20,95.389
2022-09-21,94.9
2022-09-22,95.41
2022-09-23,95.139
2022-09-24,96.4
2022-09-25,95.889
2022-09-26,96.809
2022-09-27,95.98
2022-09-28,95.629
2022-09-29,95.16
2022-09-30,95.16
2022-10-03,97.5
2022-10-04,96.639
2022-10-10,97.04
2022-10-11,96.83
2022-10-12,95.29
2022-10-13,94.839
2022-10-14,95.3
2022-10-15,97.209
2022-10-17,97.93
2022-10-18,97.41
2022-10-19,98.04
2022-10-21,95.949
2022-10-24,98.529
2022-10-25,97.68
2022-10-26,97.029
2022-10-27,96.8
2022-10-28,96.01
2022-10-29,97
2022-10-30,97.41
2022-10-31,97.139
2022-11-01,96.61
2022-11-02,95.809
2022-11-03,95.589
2022-11-05,96.349
2022-11-07,98.44
2022-11-08,97.76
2022-11-09,97.48
2022-11-10,97.23
2022-11-14,95.889
2022-11-15,96.8
2022-11-16,96.889
2022-11-17,96.83
2022-11-18,96.69
2022-11-19,97.04
2022-11-20,97.69
2022-11-21,97.83
2022-11-23,97.36
2022-11-27,98.29
2022-11-28,96.809
2022-11-29,98.58
2022-11-30,97.91
2022-12-01,97.9
2022-12-04,98.58
2022-12-12,99.36
2022-12-14,99.11
2022-12-17,99.5
2023-01-18,100.76
2023-01-20,99.129
2023-01-21,97.29
2023-01-22,98.83
2023-01-23,100.79
2023-01-24,100.4
2023-01-25,99.48
2023-01-26,99.349
2023-01-27,100.86
2023-01-28,100.18
2023-01-29,99.65
2023-01-30,100.099
2023-01-31,100.139
2023-02-01,99.18
2023-02-02,98.599
2023-02-03,99.04
2023-02-04,100.05
2023-02-05,99.66
2023-02-06,99.9
2023-02-07,99.839
2023-02-08,98.449
2023-02-09,99.089
2023-02-10,99.199
2023-02-11,98.91
2023-02-12,98.86
2023-02-13,99.48
2023-02-14,99.19
2023-02-15,99.239
2023-02-18,100.94
2023-02-19,100.709
2023-02-20,99.849
2023-02-22,99
2023-02-24,99.8
2023-02-27,99.65
2023-02-28,98.26
2023-03-01,97.86
2023-03-02,97.61
2023-03-03,97.489
2023-03-04,98.55
2023-03-05,97.489
2023-03-06,98.839
2023-03-07,98.04
2023-03-08,96.949
2023-03-09,96.75
2023-03-10,96.949
2023-03-12,97.3
2023-03-13,98.349
2023-03-14,96.889
2023-03-15,96.279
2023-03-16,96.16
2023-03-17,97.639
2023-03-19,98.25
2023-03-26,98.099
2023-03-27,99.459
2023-03-28,97.68
2023-03-29,97.01
2023-03-30,96.589
2023-03-31,96.23
2023-04-01,97.41
2023-04-02,97.5
2023-04-03,97.449
2023-04-04,98.129
2023-04-05,96.48
2023-04-06,96.199
2023-04-07,96.9
2023-04-08,97.709
2023-04-10,99.639
2023-04-11,98.43
2023-04-12,96.959
2023-04-13,96.559
2023-04-14,96.58
2023-04-15,97.76
2023-04-17,98.949
2023-04-19,97.199
2023-04-21,97.16
2023-04-26,97.959
2023-04-27,98.18
2023-04-28,98.379
2023-04-29,98.779
2023-05-08,98.33
2023-05-09,98.18
2023-05-10,97.959
2023-05-11,97.629
2023-05-12,97.41
2023-05-13,98.379
2023-05-14,97.43
2023-05-15,99.36
2023-05-16,99.41
2023-05-17,98.629
2023-05-18,98.339
2023-05-20,98.989
2023-05-24,98.66
2023-05-29,98.91
2023-06-06,99.589
2023-06-07,99.309
2023-06-12,99.75
2023-06-16,98.51
2023-07-05,99.41
2023-07-06,100.69
2023-07-07,99.8
2023-07-08,102.019
2023-07-09,100.4
2023-07-10,100.379
2023-07-11,100.44
2023-07-12,99.879
2023-07-13,101.3
2023-07-14,100.889
2023-07-15,101.05
2023-07-16,101.05
2023-07-17,101.709
2023-07-18,101.559
2023-07-20,99.76
2023-07-21,99.489
2023-07-23,101.139
2023-07-24,101.01
2023-07-25,99.55
2023-07-26,98.48
2023-07-27,99.129
2023-07-28,98.809
2023-07-29,100.79
2023-07-30,100.199
2023-07-31,99.61
2023-08-01,98.809
2023-08-02,97.879
2023-08-03,98.129
2023-08-04,98.58
2023-08-05,99.559
2023-08-06,99.089
2023-08-07,99.66
2023-08-08,98.529
2023-08-09,97.739
2023-08-10,97.76
2023-08-11,98.589
2023-08-12,97.989
2023-08-13,98.55
2023-08-15,97.3
2023-08-16,98.709
2023-08-17,98.889
2023-08-18,98.04
2023-08-19,99.459
2023-08-21,99.559
2023-08-22,97.809
2023-08-23,97.389
2023-08-24,97.15
2023-08-25,99.129
2023-08-26,99.589
2023-08-28,100.01
2023-08-29,99.36
2023-08-30,98.349
2023-08-31,99.239
2023-09-01,99.23
2023-09-02,100.69
2023-09-03,99.349
2023-09-04,100.739
2023-09-05,100.639
2023-09-06,98.389
2023-09-07,97.58
2023-09-08,97.94
2023-09-09,99.889
2023-09-11,99.779
2023-09-13,99.309
2023-09-14,99.61
2023-09-15,98.93
2023-09-16,98.44
2023-09-17,99.05
2023-09-19,98.61
2023-09-20,99.5
2023-09-21,98.509
2023-09-22,98.75
2023-09-23,98.309
2023-09-24,99.5
2023-09-25,97.949
2023-09-26,98.83
2023-09-27,98.43
2023-09-28,98.449
2023-09-29,99.93
2023-09-30,98.9
2023-10-01,98.489
2023-10-02,98.529
2023-10-03,97.83
2023-10-04,98.379
2023-10-05,97.839
2023-10-06,99.8
2023-10-07,99.98
2023-10-08,98.94
2023-10-09,98.73
2023-10-10,98.379
2023-10-11,99.839
2023-10-12,100.19
2023-10-13,100.529
2023-10-14,99.75
2023-10-18,100.72
2023-10-19,100.099
2023-10-20,100.48
2023-10-26,100.849
2023-10-31,100.25
2023-11-01,100.25
2023-11-02,100.23
2023-11-03,100.309
2023-11-04,101.5
2023-11-05,101.65
2023-11-06,101.41
2023-11-08,101.599
2023-11-09,99.91
2023-11-10,100.16
2023-11-11,100.36
2023-11-12,100.41
2023-11-13,100.8
2023-11-14,100.08
2023-11-20,100.72
2023-11-21,100.209
2023-11-22,99.209
2023-11-23,98.75
2023-11-24,101.419
2023-11-25,101.26
2023-11-27,101.239
2023-11-28,99.8
2023-11-29,99.44
2023-11-30,99.389
2023-12-01,98.8
2023-12-02,100.08
2023-12-04,101.099
2023-12-05,99.779
2023-12-06,99.25
2023-12-07,99.459
2023-12-08,100.05
2023-12-09,99.43
2023-12-10,99.209
2023-12-11,99.839
2023-12-12,99.61
2023-12-15,100.279
2023-12-17,100.529
2023-12-18,100.91
2023-12-19,101.459
2023-12-21,101.47
2024-01-16,100.86
2024-01-17,101.099
2024-01-18,100.279
2024-01-19,99.54
2024-01-20,100.55
2024-01-21,100.25
2024-01-22,100.959
2024-01-23,101.089
2024-01-24,101.75
2024-01-25,101.26
2024-01-26,100.599
2024-01-27,100.61
2024-01-28,101.849
2024-01-29,102.11
2024-01-30,101.199
2024-01-31,100.97
2024-02-01,100.43
2024-02-02,101.11
2024-02-03,100.529
2024-02-04,101.11
2024-02-05,101.04
2024-02-06,100.139
2024-02-07,100.54
2024-02-09,100.449
2024-02-10,101.05
2024-02-12,101.61
2024-02-13,101.37
2024-02-14,101.41
2024-02-15,100.589
2024-02-16,99.599
2024-02-17,100.559
2024-02-18,99.879
2024-02-20,101.589
2024-02-22,100.279
2024-02-23,99.239
2024-02-24,100.769
2024-02-25,100.059
2024-02-26,101.25
2024-02-27,100.5
2024-02-28,99.61
2024-02-29,99.279
2024-03-01,98.559
2024-03-02,99.239
2024-03-03,98.959
2024-03-04,99.879
2024-03-05,99.01
2024-03-06,99.529
2024-03-07,99.41
2024-03-08,98.989
2024-03-09,99.589
2024-03-10,99.05
2024-03-11,99.55
2024-03-12,99.11
2024-03-13,99.25
2024-03-15,98.959
2024-03-16,99.279
2024-03-17,100.739
2024-03-18,100.569
2024-03-19,99.449
2024-03-20,99.489
2024-03-21,99.48
2024-03-22,98.94
2024-03-23,98.79
2024-03-24,99.41
2024-03-28,101.709
2024-03-29,100.91
2024-03-30,99.779
2024-04-01,99.76
2024-04-02,99.849
2024-04-03,99.44
2024-04-04,99.15
2024-04-05,99.199
2024-04-06,101.339
2024-04-07,99.69
2024-04-08,99.559
2024-04-09,100.19
2024-04-11,98.989
2024-04-12,99.76
2024-04-14,99.75
2024-04-15,100.48
2024-04-16,99.43
2024-04-17,99.239
2024-04-18,100.69
2024-04-19,100.819
2024-04-20,99.51
2024-04-23,98.65
2024-04-24,98.279
2024-04-25,97.75
2024-04-26,97.55
2024-04-27,98.559
2024-04-28,98.68
2024-04-29,99.889
2024-04-30,98.41
2024-05-01,98.5
2024-05-02,98.279
2024-05-05,98.379
2024-05-06,99.699
2024-05-07,98.41
2024-05-08,97.91
2024-05-09,98.059
2024-05-10,97.629
2024-05-11,98.949
2024-05-12,97.809
2024-05-13,99.209
2024-05-15,98.41
2024-05-16,98.43
2024-05-17,97.879
2024-05-18,98.889
2024-05-19,100.639
2024-05-20,98.709
2024-05-22,97.589
2024-05-23,97.5
2024-05-24,98.529
2024-05-26,98.54
2024-05-29,99.059
2024-05-30,99.66
2024-06-01,99.91
2024-06-02,100.01
2024-06-03,99.86
2024-06-04,98.69
2024-06-05,99.779
2024-06-07,100.08
2024-06-08,101.069
2024-06-11,99.98
2024-06-12,99.51
2024-06-13,100.18
2024-06-14,100.08
2024-06-15,99.699
2024-06-16,99.309
2024-06-17,100.54
2024-06-18,100.72
2024-06-19,99.48
2024-06-20,99.709
2024-06-21,99.9
2024-06-22,100.339
2024-06-24,100.23
2024-06-25,100.23
2024-06-26,99.389
2024-06-27,99.879
2024-06-28,99.73
2024-07-02,99.69
2024-07-03,97.98
2024-07-04,98.599
2024-07-05,98.8
2024-07-06,99.099
2024-07-07,99.349
2024-07-08,99.26
2024-07-09,98.91
2024-07-10,98.639
2024-07-11,98.91
2024-07-12,98.29
2024-07-13,98.69
2024-07-14,98.889
2024-07-15,98.199
2024-07-16,98.01
2024-07-18,97.949
2024-07-19,98.48
2024-07-20,98.43
2024-07-21,99.18
2024-07-22,99.239
2024-07-23,97.949
2024-07-24,97.51
2024-07-25,97.54
2024-07-26,97.389
2024-07-27,99.599
2024-07-28,98.529
2024-07-29,98.48
2024-07-30,98.3
2024-07-31,98.01
2024-08-01,97.8
2024-08-02,97.449
2024-08-03,97.529
2024-08-04,97.459
2024-08-05,97.18
2024-08-06,98.11
2024-08-07,97.23
2024-08-08,96.489
2024-08-09,96.29
2024-08-10,97.709
2024-08-11,97.349
2024-08-12,97.83
2024-08-13,97.8
2024-08-14,96.79
2024-08-15,97.91
2024-08-16,96.629
2024-08-17,98.23
2024-08-18,97.529
2024-08-19,97.33
2024-08-20,97.559
2024-08-21,97.389
2024-08-22,96.83
2024-08-23,96.58
2024-08-24,97.44
2024-08-25,97.239
2024-08-26,98.68
2024-08-27,98.139
2024-08-28,97.309
2024-08-29,96.309
2024-08-30,97
2024-08-31,98.599
2024-09-01,97.5
2024-09-02,98.23
2024-09-03,97.55
2024-09-04,96.629
2024-09-05,96.98
2024-09-06,97.83
2024-09-07,98.199
2024-09-09,98.809
2024-09-10,98.69
2024-09-11,97.51
2024-09-12,97.089
2024-09-13,97.58
2024-09-14,98.089
2024-09-18,97.949
2024-09-19,97.529
2024-09-20,98.389
2024-09-23,98.25
2024-09-24,97.8
2024-09-25,97.43
2024-09-26,98.01
2024-09-27,97.51
2024-09-28,99.43
2024-09-30,98.599
2024-10-01,97.83
2024-10-02,97.779
2024-10-03,98.3
2024-10-04,98.099
2024-10-05,97.449
2024-10-06,97.699
2024-10-07,98.41
2024-10-08,97.739
2024-10-09,97.33
2024-10-10,97.79
2024-10-11,97.529
2024-10-12,98.23
2024-10-14,99.3
2024-10-15,98.61
2024-10-16,98.239
2024-10-17,97.69
2024-10-18,97.059
2024-10-20,99.25
2024-10-24,99.3
2024-10-25,98.449
2024-10-26,99.25
2024-10-27,99.58
2024-10-28,99.19
2024-10-29,98.01
2024-10-30,97.98
2024-10-31,97.349
2024-11-01,98.389
2024-11-02,98.779
2024-11-03,99.73
2024-11-04,98.79
2024-11-08,98.809
2024-11-09,98.66
2024-11-10,98.66
2024-11-11,97.18
2024-11-12,99.19
2024-11-13,99.26
2024-11-14,98.69
2024-11-15,99.879
2024-11-20,99.3
2024-11-21,98.65
2024-11-23,101.059
2024-11-24,100.41
2024-11-27,99.879
2025-01-03,101.069
2025-01-04,101.589
2025-01-05,101.699
2025-01-06,101.36
2025-01-07,100.599
2025-01-13,101.309
2025-01-14,100.669
2025-01-15,100.209
2025-01-16,99.599
2025-01-17,100.41
2025-01-18,100.529
2025-01-19,101.29
2025-01-21,100.36
2025-01-22,100.339
2025-01-23,101.819
2025-01-24,101.41
2025-01-25,100.129
2025-01-26,100.94
2025-01-27,101.809
2025-01-28,101.019
2025-01-29,100.01
2025-02-01,101.769
2025-02-02,100.97
2025-02-03,101.019
2025-02-04,100.11
2025-02-05,99.69
2025-02-06,98.809
2025-02-07,99.05
2025-02-08,99.76
2025-02-09,100.69
2025-02-10,100.5
2025-02-11,100.059
2025-02-12,99.779
2025-02-13,98.9
2025-02-14,99.26
2025-02-15,100.209
2025-02-16,99.44
2025-02-17,99.11
2025-02-18,98.739
2025-02-20,98.76
2025-02-21,97.879
2025-02-22,98.339
2025-02-23,98.459
2025-02-24,98.41
2025-02-25,97.66
2025-02-26,97.8
2025-02-27,98.349
2025-02-28,97.69
2025-03-01,99.66
2025-03-02,98.91
2025-03-03,98.239
2025-03-04,97.459
2025-03-05,97.239
2025-03-06,98.489
2025-03-07,97.9
2025-03-08,97.65
2025-03-09,98.699
2025-03-10,98.36
2025-03-11,98.51
2025-03-12,99.23
2025-03-13,97.98
2025-03-14,99.08
2025-03-15,98.139
2025-03-16,98.26
2025-03-17,98.389
2025-03-18,97.339
2025-03-19,98.43
2025-03-20,97.8
2025-03-21,98.15
2025-03-22,98.239
2025-03-25,98.8
2025-03-26,98.05
2025-03-27,99.05
2025-03-28,98.41
2025-04-04,99.139
2025-04-05,99.58
2025-04-06,99.18
2025-04-08,98.98
2025-04-09,99.209
2025-04-10,98.36
2025-04-12,99.61
2025-04-16,98.58
2025-04-17,98.599
2025-04-19,98.629
2025-04-21,99.58
2025-04-23,98.599
2025-04-24,98.15
2025-04-25,98.91
2025-04-27,97.889
2025-04-29,97.699
2025-04-30,97.86
2025-05-01,98.54
2025-05-02,97.3
2025-05-03,97.66
2025-05-04,98.489
2025-05-05,99.349
2025-05-06,98.26
2025-05-07,98.19
2025-05-09,97.44
2025-05-11,97.9
2025-05-12,98.599
2025-05-13,97.699
2025-05-14,96.349
2025-05-15,97.36
2025-05-16,97.83
2025-05-17,97.86
2025-05-18,96.83
2025-05-19,98.099
2025-05-22,99.91
2025-05-23,98.15
2025-05-25,99.54
2025-05-26,98.279
2025-05-27,97.809
2025-05-28,98.25
2025-05-29,98.29
2025-05-31,98.739
2025-06-01,99.83
2025-06-17,99.68
2025-06-18,102.139
2025-06-19,98.779
2025-06-20,99.5
2025-06-21,101.269
2025-06-22,99.809
2025-06-23,100.36
2025-06-25,99.339
2025-06-26,98.86
2025-06-27,98.559
2025-06-28,99.11
2025-06-29,98.98
2025-06-30,99.11
2025-07-01,99.129
2025-07-02,99.529
2025-07-03,99.05
2025-07-04,99.79
2025-07-05,99.68
2025-07-06,101.04
2025-07-07,99.65
2025-07-08,98.11
2025-07-09,98.26
2025-07-10,98.529
2025-07-11,98.129
2025-07-12,97.559
2025-07-13,99.239
2025-07-14,99.4
2025-07-15,98.66
2025-07-16,98.94
2025-07-17,97.73
2025-07-18,98.489
2025-07-19,99.44
2025-07-21,99.01
2025-07-23,99.11
2025-07-24,98.98
2025-07-25,99.389
2025-07-27,98.65
2025-07-28,99.48
2025-07-29,98.699
2025-07-30,98.559
2025-07-31,98.83
2025-08-01,98.709
2025-08-02,99.139
2025-08-03,99.5
2025-08-04,100.48
2025-08-05,99.239
2025-08-06,98.76
2025-08-07,99.699
2025-08-08,99.3
2025-08-09,99.58
2025-08-10,98.94
2025-08-11,99.51
2025-08-12,98.839
2025-08-13,98.309
2025-08-15,97.3
2025-08-16,98.91
2025-08-17,98.9
2025-08-18,99.989
2025-08-19,99.83
2025-08-20,104.489
2025-08-21,99.199
2025-08-22,99.18
2025-08-23,99.65
2025-08-24,98.449
2025-08-26,99.19
2025-08-27,98.5
2025-08-28,98.65
2025-08-29,98.79
2025-09-01,98.58
2025-09-02,97.959
2025-09-03,98.76
2025-09-04,99.029
2025-09-05,99.889
2025-09-09,99.059
2025-09-10,99.79
2025-09-11,99.23
2025-09-12,99.05
2025-09-13,98.279
2025-09-14,98.379
2025-09-15,98.889
2025-09-17,99.139
2025-09-18,98.989
2025-09-19,98.949
2025-09-20,98.76
2025-09-21,98.889
2025-09-22,98.94
2025-09-23,98.83
2025-09-24,98.9
2025-09-25,98.849
2025-09-26,99.18
2025-09-30,97.86
2025-10-01,98.849
2025-10-02,98.4
2025-10-03,99.66
2025-10-07,99.36
2025-10-08,99.839
2025-10-09,99.529
2025-10-10,98.989
2025-10-12,99.18
2025-10-14,99.68
2025-10-15,99.029
2025-10-16,99.089
2025-10-18,99.48
2025-10-20,101.04
2025-10-21,99.86
2025-10-22,98.79
2025-10-24,100
2025-10-31,100.209
2025-11-03,100.23
2025-11-04,99.089
2025-11-05,99.48
2025-11-06,99.23
2025-11-07,99.339
2025-11-08,100
2025-11-10,101.639
2025-11-11,100.139
2025-11-12,99.26
2025-11-13,100.19
2025-11-14,99.879
2025-11-15,100.01
2025-11-16,100.559
2025-11-17,99.279
2025-11-18,97.489
2025-11-19,99.779
2025-11-20,99.4
2025-11-21,98.489
2025-11-22,99.029
2025-11-23,99.04
2025-11-25,99.339
2025-11-26,99.489
2025-11-27,99.15
2025-12-01,99.76
2025-12-03,99.48
2025-12-04,99.029
2025-12-05,98.51
2025-12-06,99.129
2025-12-07,99.379
2025-12-08,100.589
2025-12-11,99.51
2025-12-12,99.9
2025-12-13,98.98
2025-12-14,99.66
2025-12-15,98.459
2025-12-16,98.8
2025-12-17,97.83
2025-12-20,100.11
2026-01-24,99.959
2026-01-25,99.58
2026-01-26,99.9
2026-01-27,98.9
2026-01-28,98.459
2026-01-29,98.55
2026-01-30,98.66
2026-01-31,99.44
2026-02-01,98.629
2026-02-02,98.8
2026-02-03,98.639
2026-02-04,98.199
2026-02-05,98.29
2026-02-06,97.8
2026-02-07,98.33
2026-02-08,97.839
2026-02-10,97.94
2026-02-11,98.129
2026-02-12,98.66
2026-02-13,97.5
2026-02-14,96.839
2026-02-15,97.25
2026-02-17,98.129
2026-02-18,97.04
2026-02-19,97.05
2026-02-20,96.709
2026-02-21,97.489
2026-02-22,98.029
2026-02-23,97.379
2026-02-24,96.589
2026-02-25,96.699
2026-02-26,96.699
2026-02-27,97.449
2026-02-28,97.739
2026-03-01,98.3
2026-03-02,97.949
2026-03-03,97.199
2026-03-04,97.389
2026-03-05,97.199
2026-03-06,98.449
2026-03-07,96.489
2026-03-08,98.459
2026-03-09,98.459
2026-03-10,98.01
2026-03-11,98.959
2026-03-13,98.099
2026-03-15,98.05
2026-03-17,98.309
2026-03-18,97.61
2026-03-19,97.389
2026-03-20,98.3
2026-03-26,99.58
